{
  "casi": {
    "actual_minus_route_null_mean": 1893.6339285714284,
    "actual_operational_casi": 1928.7857142857142,
    "rounds": 2,
    "route_check": {
      "all_bijective": true,
      "forbidden_alignments": 0
    },
    "route_order_null": {
      "maximum": 47.214285714285715,
      "mean": 35.151785714285715,
      "minimum": 28.857142857142858,
      "sample_sd_ddof1": 4.802130692065083,
      "values": [
        38.785714285714285,
        38.357142857142854,
        37.5,
        39.357142857142854,
        32.285714285714285,
        39.5,
        36.92857142857143,
        33.142857142857146,
        34.285714285714285,
        32.5,
        47.214285714285715,
        28.857142857142858,
        31.214285714285715,
        30.642857142857142,
        31.428571428571427,
        30.428571428571427
      ]
    },
    "rows": 1000,
    "target": "speck32_64"
  },
  "environment": {
    "numpy": "1.26.4",
    "platform": "macOS-26.5-arm64-arm-64bit-Mach-O",
    "python": "3.13.1"
  },
  "experiment": "bvn_route_causal_suite",
  "f8": [
    {
      "actual": {
        "maximum": 0.1875,
        "mean": 0.14583333333333334,
        "minimum": 0.125,
        "sample_sd_ddof1": 0.036084391824351615,
        "values": [
          0.1875,
          0.125,
          0.125
        ]
      },
      "causal_gap_actual_minus_route_null": 0.09375,
      "full_rounds": 22,
      "per_seed": [
        {
          "actual_rate": 0.1875,
          "empirical_upper_tail_p": 0.17647058823529413,
          "route_check": {
            "all_bijective": true,
            "forbidden_alignments": 0
          },
          "route_null": {
            "maximum": 0.1875,
            "mean": 0.05859375,
            "minimum": 0.0,
            "sample_sd_ddof1": 0.07022564079451322,
            "values": [
              0.0,
              0.0,
              0.0,
              0.1875,
              0.0625,
              0.125,
              0.0,
              0.125,
              0.1875,
              0.0,
              0.0,
              0.125,
              0.0625,
              0.0,
              0.0625,
              0.0
            ]
          },
          "seed": 42
        },
        {
          "actual_rate": 0.125,
          "empirical_upper_tail_p": 0.23529411764705882,
          "route_check": {
            "all_bijective": true,
            "forbidden_alignments": 0
          },
          "route_null": {
            "maximum": 0.125,
            "mean": 0.03515625,
            "minimum": 0.0,
            "sample_sd_ddof1": 0.05087131436281158,
            "values": [
              0.0,
              0.0,
              0.0,
              0.0625,
              0.0,
              0.0625,
              0.0,
              0.125,
              0.125,
              0.0,
              0.0,
              0.0,
              0.0,
              0.125,
              0.0625,
              0.0
            ]
          },
          "seed": 1042
        },
        {
          "actual_rate": 0.125,
          "empirical_upper_tail_p": 0.29411764705882354,
          "route_check": {
            "all_bijective": true,
            "forbidden_alignments": 0
          },
          "route_null": {
            "maximum": 0.1875,
            "mean": 0.0625,
            "minimum": 0.0,
            "sample_sd_ddof1": 0.06454972243679027,
            "values": [
              0.0,
              0.1875,
              0.0625,
              0.0,
              0.0,
              0.0625,
              0.125,
              0.0625,
              0.1875,
              0.125,
              0.0,
              0.0625,
              0.0625,
              0.0625,
              0.0,
              0.0
            ]
          },
          "seed": 2042
        }
      ],
      "route_null_pooled": {
        "maximum": 0.1875,
        "mean": 0.052083333333333336,
        "minimum": 0.0,
        "sample_sd_ddof1": 0.0622779744315017,
        "values": [
          0.0,
          0.0,
          0.0,
          0.1875,
          0.0625,
          0.125,
          0.0,
          0.125,
          0.1875,
          0.0,
          0.0,
          0.125,
          0.0625,
          0.0,
          0.0625,
          0.0,
          0.0,
          0.0,
          0.0,
          0.0625,
          0.0,
          0.0625,
          0.0,
          0.125,
          0.125,
          0.0,
          0.0,
          0.0,
          0.0,
          0.125,
          0.0625,
          0.0,
          0.0,
          0.1875,
          0.0625,
          0.0,
          0.0,
          0.0625,
          0.125,
          0.0625,
          0.1875,
          0.125,
          0.0,
          0.0625,
          0.0625,
          0.0625,
          0.0,
          0.0
        ]
      },
      "target": "speck32_64"
    },
    {
      "actual": {
        "maximum": 0.0625,
        "mean": 0.041666666666666664,
        "minimum": 0.0,
        "sample_sd_ddof1": 0.036084391824351615,
        "values": [
          0.0625,
          0.0625,
          0.0
        ]
      },
      "causal_gap_actual_minus_route_null": -0.006510416666666671,
      "full_rounds": 32,
      "per_seed": [
        {
          "actual_rate": 0.0625,
          "empirical_upper_tail_p": 0.5294117647058824,
          "route_check": {
            "all_bijective": true,
            "forbidden_alignments": 0
          },
          "route_null": {
            "maximum": 0.1875,
            "mean": 0.0625,
            "minimum": 0.0,
            "sample_sd_ddof1": 0.06846531968814576,
            "values": [
              0.0,
              0.1875,
              0.125,
              0.125,
              0.0,
              0.125,
              0.125,
              0.0,
              0.0,
              0.0,
              0.0,
              0.0,
              0.125,
              0.0,
              0.0625,
              0.125
            ]
          },
          "seed": 42
        },
        {
          "actual_rate": 0.0625,
          "empirical_upper_tail_p": 0.5294117647058824,
          "route_check": {
            "all_bijective": true,
            "forbidden_alignments": 0
          },
          "route_null": {
            "maximum": 0.1875,
            "mean": 0.04296875,
            "minimum": 0.0,
            "sample_sd_ddof1": 0.054575778739290565,
            "values": [
              0.0,
              0.125,
              0.0,
              0.0625,
              0.0625,
              0.0625,
              0.0,
              0.0625,
              0.1875,
              0.0,
              0.0625,
              0.0,
              0.0,
              0.0,
              0.0625,
              0.0
            ]
          },
          "seed": 1042
        },
        {
          "actual_rate": 0.0,
          "empirical_upper_tail_p": 1.0,
          "route_check": {
            "all_bijective": true,
            "forbidden_alignments": 0
          },
          "route_null": {
            "maximum": 0.125,
            "mean": 0.0390625,
            "minimum": 0.0,
            "sample_sd_ddof1": 0.05038911092686594,
            "values": [
              0.0,
              0.0,
              0.0,
              0.125,
              0.0,
              0.0,
              0.0,
              0.125,
              0.0,
              0.125,
              0.0,
              0.0625,
              0.0625,
              0.0625,
              0.0625,
              0.0
            ]
          },
          "seed": 2042
        }
      ],
      "route_null_pooled": {
        "maximum": 0.1875,
        "mean": 0.048177083333333336,
        "minimum": 0.0,
        "sample_sd_ddof1": 0.058002521000176235,