{
  "causal": {
    "bytes": 7565,
    "explicit_triplets": 192,
    "file_sha256": "cdb94c35e5d3cb5d182b5887b59d0c95099cb5f1535126690e1ee2550f44fac3",
    "graph_sha256": "36ff5b9e7692628fce66eaf86e4f4ed99b48b3fc6a3efc9ca5ed3aa15f35b17b",
    "inferred_triplets": 0,
    "path": "research/results/v1/chacha_causal_contrast_signature_bvn_core_pooled_r2r3r20_v1.causal",
    "triplets": 192
  },
  "chance": 0.3333333333333333,
  "overall_accuracy": 0.7833333333333333,
  "parameters": {
    "bits": [
      0,
      7,
      15,
      31
    ],
    "counter_mode": "random",
    "feature_indices": [
      0,
      1,
      2,
      3,
      4,
      5,
      6,
      7,
      8,
      9,
      10,
      11,
      12,
      13,
      14,
      15,
      16,
      17,
      18,
      19,
      20,
      21,
      22,
      23,
      24,
      25,
      26,
      27,
      28,
      29,
      30,
      31,
      32,
      33,
      34,
      35,
      36,
      37,
      38,
      39,
      40,
      41,
      42,
      43,
      44,
      45,
      46,
      47,
      48,
      49,
      50,
      51,
      52,
      53,
      54,
      55,
      56,
      57,
      58,
      59,
      60,
      61,
      62,
      63
    ],
    "holdout_bits": [
      1,
      8,
      16,
      30
    ],
    "output_view": "core",
    "pairs_per_seed": 10000,
    "repair_route_seed_strategy": "shared_per_seed_input_bit_across_round_classes",
    "repairing_routes": 16,
    "rounds": [
      2,
      3,
      20
    ],
    "route_mode": "bvn",
    "train_seeds": 5,
    "variance_mode": "pooled"
  },
  "per_class": {
    "r2": {
      "accuracy": 1.0,
      "correct": 20,
      "total": 20
    },
    "r20": {
      "accuracy": 0.9,
      "correct": 18,
      "total": 20
    },
    "r3": {
      "accuracy": 0.45,
      "correct": 9,
      "total": 20
    }
  },
  "schema": "chacha-causal-contrast-signature-v1",
  "scope": "direct ChaCha output causal contrast profile and reader-only reverse reduced-round class query; not key recovery",
  "trials": [
    {
      "actual": "r2",
      "correct": true,
      "predicted": "r2",
      "scores": {
        "r2": -23.779535243152253,
        "r20": -139.67135570329026,
        "r3": -139.4994036775102
      }
    },
    {
      "actual": "r2",
      "correct": true,
      "predicted": "r2",
      "scores": {
        "r2": -40.412939306892184,
        "r20": -109.75106792073007,
        "r3": -109.58179205942253
      }
    },
    {
      "actual": "r2",
      "correct": true,
      "predicted": "r2",
      "scores": {
        "r2": -34.66123527245396,
        "r20": -135.22209742203876,
        "r3": -135.04811458815075
      }
    },
    {
      "actual": "r2",
      "correct": true,
      "predicted": "r2",
      "scores": {
        "r2": -25.584819745044136,
        "r20": -112.12233005840802,
        "r3": -111.97266694180368
      }
    },
    {
      "actual": "r2",
      "correct": true,
      "predicted": "r2",
      "scores": {
        "r2": -27.216014061318695,
        "r20": -109.80141832827726,
        "r3": -109.65621093197872
      }
    },
    {
      "actual": "r2",
      "correct": true,
      "predicted": "r2",
      "scores": {
        "r2": -40.01369772519235,
        "r20": -130.46287747917214,
        "r3": -130.2561542177951
      }
    },
    {
      "actual": "r2",
      "correct": true,
      "predicted": "r2",
      "scores": {
        "r2": -42.999502104837426,
        "r20": -195.94375705520622,
        "r3": -195.6956565504235
      }
    },
    {
      "actual": "r2",
      "correct": true,
      "predicted": "r2",
      "scores": {
        "r2": -36.04048144521984,
        "r20": -88.94974081991452,
        "r3": -88.82593037555387
      }
    },
    {
      "actual": "r2",
      "correct": true,
      "predicted": "r2",
      "scores": {
        "r2": -24.4299225578798,
        "r20": -147.13077236154322,
        "r3": -146.92841452097656
      }
    },
    {
      "actual": "r2",
      "correct": true,
      "predicted": "r2",
      "scores": {
        "r2": -42.59859508657904,
        "r20": -105.55475359639682,
        "r3": -105.39656958111793
      }
    },
    {
      "actual": "r2",
      "correct": true,
      "predicted": "r2",
      "scores": {
        "r2": -45.880364974130316,
        "r20": -87.64420385047954,
        "r3": -87.52850983680423
      }
    },
    {
      "actual": "r2",
      "correct": true,
      "predicted": "r2",
      "scores": {
        "r2": -24.98172041476446,
        "r20": -143.67070473245496,
        "r3": -143.48912345290591
      }
    },
    {
      "actual": "r2",
      "correct": true,
      "predicted": "r2",
      "scores": {
        "r2": -32.577834733203694,
        "r20": -100.38317396376132,
        "r3": -100.25222408539457
      }
    },
    {
      "actual": "r2",
      "correct": true,
      "predicted": "r2",
      "scores": {
        "r2": -48.6905756400898,
        "r20": -182.7914792504991,
        "r3": -182.52635845139207
      }
    },
    {
      "actual": "r2",
      "correct": true,
      "predicted": "r2",
      "scores": {
        "r2": -36.889592345141125,
        "r20": -96.5987630465655,
        "r3": -96.45640140190301
      }
    },
    {
      "actual": "r2",
      "correct": true,
      "predicted": "r2",
      "scores": {
        "r2": -30.377584450964708,
        "r20": -106.92419798695221,
        "r3": -106.79025390407315
      }
    },
    {
      "actual": "r2",
      "correct": true,
      "predicted": "r2",
      "scores": {
        "r2": -23.914220807073725,
        "r20": -143.42885987785263,
        "r3": -143.2670025786025
      }
    },
    {
      "actual": "r2",
      "correct": true,
      "predicted": "r2",
      "scores": {
        "r2": -37.70434993776272,
        "r20": -112.77434800375568,
        "r3": -112.61222695798304
      }
    },
    {
      "actual": "r2",
      "correct": true,
      "predicted": "r2",
      "scores": {
        "r2": -39.04297166553056,
        "r20": -151.02529040934604,
        "r3": -150.84610383952918
      }
    },
    {
      "actual": "r2",
      "correct": true,
      "predicted": "r2",
      "scores": {
        "r2": -25.754875005931446,
        "r20": -126.11616515304902,
        "r3": -125.95092416469231
      }
    },
    {
      "actual": "r3",
      "correct": true,
      "predicted": "r3",
      "scores": {
        "r2": -132.2002431814044,
        "r20": -18.044030334913856,
        "r3": -18.04332098232749
      }
    },
    {
      "actual": "r3",
      "correct": false,
      "predicted": "r20",
      "scores": {
        "r2": -132.27954771700425,
        "r20": -18.042571819848185,
        "r3": -18.043315331259013
      }
    },
    {
      "actual": "r3",
      "correct": true,
      "predicted": "r3",
      "scores": {
        "r2": -132.04123658255577,
        "r20": -18.043006304636627,
        "r3": -18.042945355780553
      }
    },
    {
      "actual": "r3",
      "correct": true,
      "predicted": "r3",
      "scores": {
        "r2": -132.16680975526606,
        "r20": -18.0429406099313,
        "r3": -18.042762235136234
      }
    },
    {
      "actual": "r3",
      "correct": true,
      "predicted": "r3",
      "scores": {
        "r2": -132.2944970145084,
        "r20": -18.0446559136736,
        "r3": -18.044260603419815
      }
    },
    {
      "actual": "r3",
      "correct": true,
      "predicted": "r3",
      "scores": {
        "r2": -132.33987671459445,
        "r20": -18.044076872874037,
        "r3": -18.04381347740669
      }
    },
    {
      "actual": "r3",
      "correct": true,
      "predicted": "r3",
      "scores": {
        "r2": -131.92496691132544,
        "r20": -18.044894049232354,
        "r3": -18.044192672226085
      }
    },
    {
      "actual": "r3",
      "correct": false,
      "predicted": "r20",
      "scores": {
        "r2": -132.2310345375722,
        "r20": -18.042498014749818,