{
  "environment": {
    "numpy": "1.26.4",
    "platform": "macOS-26.5-arm64-arm-64bit-Mach-O",
    "python": "3.13.1"
  },
  "experiment": "chacha_subspace_dimension_suite",
  "figure": "research/results/v1/chacha_subspace_dimension_smoke.png",
  "parameters": {
    "active_bits": [
      14,
      16,
      24,
      32
    ],
    "counter_bit": 0,
    "orientations": [
      "low",
      "high"
    ],
    "pairs": 1000,
    "rounds": 4,
    "routes": 3,
    "sampling": "unique values uniformly sampled without replacement inside each affine subspace",
    "seed_base": 80000,
    "seeds": 3
  },
  "results": [
    {
      "active_bits": 14,
      "active_counter_bits": [
        14,
        14,
        14
      ],
      "entropy_difference_vs_max_dimension": {
        "exact_assignments": 8,
        "lower_tail_p": 1.0,
        "mean_difference": 0.7544832208460021,
        "seed_pairs": 3,
        "two_sided_p": 0.25,
        "upper_tail_p": 0.125
      },
      "entropy_effect": {
        "maximum": 0.9747669242797006,
        "mean": 0.8063814892240041,
        "minimum": 0.4870229738543621,
        "sample_sd_ddof1": 0.27670958336989265,
        "values": [
          0.4870229738543621,
          0.9747669242797006,
          0.9573545695379497
        ]
      },
      "entropy_exact_test": {
        "exact_assignments": 8,
        "lower_tail_p": 1.0,
        "mean_difference": 0.8063814892240041,
        "seed_pairs": 3,
        "two_sided_p": 0.25,
        "upper_tail_p": 0.125
      },
      "mean_bit_bias_effect": {
        "maximum": 0.1066562499999999,
        "mean": 0.05856597222222223,
        "minimum": -0.026270833333333465,
        "sample_sd_ddof1": 0.0736894351224719,
        "values": [
          -0.026270833333333465,
          0.1066562499999999,
          0.09531250000000024
        ]
      },
      "mean_bit_bias_exact_test": {
        "exact_assignments": 8,
        "lower_tail_p": 0.875,
        "mean_difference": 0.05856597222222223,
        "seed_pairs": 3,
        "two_sided_p": 0.5,
        "upper_tail_p": 0.25
      },
      "orientation": "low",
      "per_seed": [
        {
          "entropy_effect": 0.4870229738543621,
          "entropy_route_z": 4.985138592902995,
          "mean_bit_bias_effect": -0.026270833333333465,
          "seed": 80000
        },
        {
          "entropy_effect": 0.9747669242797006,
          "entropy_route_z": 5.042951542717546,
          "mean_bit_bias_effect": 0.1066562499999999,
          "seed": 81009
        },
        {
          "entropy_effect": 0.9573545695379497,
          "entropy_route_z": 12.737961112308612,
          "mean_bit_bias_effect": 0.09531250000000024,
          "seed": 82018
        }
      ],
      "unique_counters": [
        1000,
        1000,
        1000
      ]
    },
    {
      "active_bits": 16,
      "active_counter_bits": [
        16,
        16,
        16
      ],
      "entropy_difference_vs_max_dimension": {
        "exact_assignments": 8,
        "lower_tail_p": 1.0,
        "mean_difference": 0.2539943529783167,
        "seed_pairs": 3,
        "two_sided_p": 0.25,
        "upper_tail_p": 0.125
      },
      "entropy_effect": {
        "maximum": 0.341334968573479,
        "mean": 0.30589262135631873,
        "minimum": 0.2538052130369035,
        "sample_sd_ddof1": 0.04607773942367961,
        "values": [
          0.2538052130369035,
          0.341334968573479,
          0.3225376824585737
        ]
      },
      "entropy_exact_test": {
        "exact_assignments": 8,
        "lower_tail_p": 1.0,
        "mean_difference": 0.30589262135631873,
        "seed_pairs": 3,
        "two_sided_p": 0.25,
        "upper_tail_p": 0.125
      },
      "mean_bit_bias_effect": {
        "maximum": 0.12325000000000019,
        "mean": 0.08857291666666667,
        "minimum": 0.05339583333333309,
        "sample_sd_ddof1": 0.034929767393637574,
        "values": [
          0.08907291666666672,
          0.05339583333333309,
          0.12325000000000019
        ]
      },
      "mean_bit_bias_exact_test": {
        "exact_assignments": 8,
        "lower_tail_p": 1.0,
        "mean_difference": 0.08857291666666667,
        "seed_pairs": 3,
        "two_sided_p": 0.25,
        "upper_tail_p": 0.125
      },
      "orientation": "low",
      "per_seed": [
        {
          "entropy_effect": 0.2538052130369035,
          "entropy_route_z": 1.1078823705236482,
          "mean_bit_bias_effect": 0.08907291666666672,
          "seed": 80000
        },
        {
          "entropy_effect": 0.341334968573479,
          "entropy_route_z": 3.6020682651594935,
          "mean_bit_bias_effect": 0.05339583333333309,
          "seed": 81009
        },
        {
          "entropy_effect": 0.3225376824585737,
          "entropy_route_z": 2.3175435886837477,
          "mean_bit_bias_effect": 0.12325000000000019,
          "seed": 82018
        }
      ],
      "unique_counters": [
        1000,
        1000,
        1000
      ]
    },
    {
      "active_bits": 24,
      "active_counter_bits": [
        24,
        24,
        24
      ],
      "entropy_difference_vs_max_dimension": {
        "exact_assignments": 8,
        "lower_tail_p": 0.75,
        "mean_difference": 0.07558922436608444,
        "seed_pairs": 3,
        "two_sided_p": 0.75,
        "upper_tail_p": 0.375
      },
      "entropy_effect": {
        "maximum": 0.3311591998961436,
        "mean": 0.12748749274408647,
        "minimum": -0.08628842456600694,
        "sample_sd_ddof1": 0.2089071590191717,
        "values": [
          0.3311591998961436,
          0.13759170290212275,
          -0.08628842456600694
        ]
      },
      "entropy_exact_test": {
        "exact_assignments": 8,
        "lower_tail_p": 0.875,
        "mean_difference": 0.12748749274408647,
        "seed_pairs": 3,
        "two_sided_p": 0.5,
        "upper_tail_p": 0.25
      },
      "mean_bit_bias_effect": {
        "maximum": 0.036552083333333374,
        "mean": -0.017371527777777767,
        "minimum": -0.05208333333333337,
        "sample_sd_ddof1": 0.047337927462519545,
        "values": [
          -0.0365833333333333,
          0.036552083333333374,
          -0.05208333333333337
        ]
      },
      "mean_bit_bias_exact_test": {
        "exact_assignments": 8,
        "lower_tail_p": 0.25,
        "mean_difference": -0.017371527777777767,
        "seed_pairs": 3,
        "two_sided_p": 0.5,
        "upper_tail_p": 0.875
      },
      "orientation": "low",
      "per_seed": [
        {
          "entropy_effect": 0.3311591998961436,
          "entropy_route_z": 4.838480952611471,
          "mean_bit_bias_effect": -0.0365833333333333,
          "seed": 80000
        },
        {
          "entropy_effect": 0.13759170290212275,
          "entropy_route_z": 6.867275538659296,
          "mean_bit_bias_effect": 0.036552083333333374,
          "seed": 81009
        },
        {
          "entropy_effect": -0.08628842456600694,
          "entropy_route_z": -0.6610655053362205,
          "mean_bit_bias_effect": -0.05208333333333337,
          "seed": 82018
        }
      ],
      "unique_counters": [
        1000,
        1000,
        1000
      ]
    },
    {
      "active_bits": 32,
      "active_counter_bits": [
        32,
        32,
        32
      ],
      "entropy_difference_vs_max_dimension": {
        "exact_assignments": 8,
        "lower_tail_p": 1.0,
        "mean_difference": 0.0,
        "seed_pairs": 3,
        "two_sided_p": 1.0,
        "upper_tail_p": 1.0
      },
      "entropy_effect": {
        "maximum": 0.2636449747850733,
        "mean": 0.051898268378002044,
        "minimum": -0.15932530468620776,
        "sample_sd_ddof1": 0.21148562499700593,
        "values": [
          0.05137513503514057,
          0.2636449747850733,
          -0.15932530468620776
        ]
      },
      "entropy_exact_test": {
        "exact_assignments": 8,
        "lower_tail_p": 0.75,