{
  "causal": {
    "bytes": 1651,
    "explicit_triplets": 16,
    "file_sha256": "9461ab99924dd162ab3fb3e568e221b3f534dfa3924ffe950a911d34fd5a5cd3",
    "graph_sha256": "7c9adcc34b8377d290dca5da91dc50acd5c7d2a7f2fa8e2f321c64f96eafd41c",
    "inferred_triplets": 0,
    "path": "research/results/v1/feal32x_fullround_distance2_causal_v1.causal",
    "triplets": 16
  },
  "confirmation": [
    {
      "distance2_right_source": {
        "above_all_bvn_routes": false,
        "bvn_max": 0.0025060027256807475,
        "bvn_mean": 0.0012683536079431666,
        "factual_mi": 0.0007248609300829862,
        "z": -0.9863306600359731
      },
      "exact_byte_equalities": 28000,
      "key_index": 0,
      "matched_left_source_control": {
        "above_all_bvn_routes": false,
        "bvn_max": 0.0019070427769335482,
        "bvn_mean": 0.0011820614649232987,
        "factual_mi": 0.0008321330281133159,
        "z": -0.8584093548462775
      }
    },
    {
      "distance2_right_source": {
        "above_all_bvn_routes": false,
        "bvn_max": 0.0021670389944124816,
        "bvn_mean": 0.0011978349086422375,
        "factual_mi": 0.000944631897169982,
        "z": -0.5868669719664565
      },
      "exact_byte_equalities": 28000,
      "key_index": 1,
      "matched_left_source_control": {
        "above_all_bvn_routes": false,
        "bvn_max": 0.002435183584075946,
        "bvn_mean": 0.0010550235791951879,
        "factual_mi": 0.002020361199472141,
        "z": 2.109956830926311
      }
    },
    {
      "distance2_right_source": {
        "above_all_bvn_routes": false,
        "bvn_max": 0.0019398746887098815,
        "bvn_mean": 0.0010336548154001276,
        "factual_mi": 0.0006363684728673036,
        "z": -1.046297228469323
      },
      "exact_byte_equalities": 28000,
      "key_index": 2,
      "matched_left_source_control": {
        "above_all_bvn_routes": false,
        "bvn_max": 0.0022254597321656254,
        "bvn_mean": 0.0013013344798941879,
        "factual_mi": 0.0013982353757677063,
        "z": 0.20054613786624836
      }
    },
    {
      "distance2_right_source": {
        "above_all_bvn_routes": false,
        "bvn_max": 0.002944990518200555,
        "bvn_mean": 0.0013727986306614037,
        "factual_mi": 0.0011086508713366939,
        "z": -0.450530559629199
      },
      "exact_byte_equalities": 28000,
      "key_index": 3,
      "matched_left_source_control": {
        "above_all_bvn_routes": false,
        "bvn_max": 0.0016834335627319667,
        "bvn_mean": 0.0010685728785290254,
        "factual_mi": 0.0015708040320405294,
        "z": 1.30284783507315
      }
    },
    {
      "distance2_right_source": {
        "above_all_bvn_routes": false,
        "bvn_max": 0.0014864072387692244,
        "bvn_mean": 0.0010220584216260628,
        "factual_mi": 0.0010175000765243272,
        "z": -0.02174146224239372
      },
      "exact_byte_equalities": 28000,
      "key_index": 4,
      "matched_left_source_control": {
        "above_all_bvn_routes": false,
        "bvn_max": 0.0016332509333765405,
        "bvn_mean": 0.0010236458898693914,
        "factual_mi": 0.0011596431098776097,
        "z": 0.38158535089245454
      }
    }
  ],
  "discovery_exact_byte_equalities": 36000,
  "discovery_top_cells": [
    {
      "mean_bvn_mi": 0.0001641230452523547,
      "mean_excess_z": 5.579984669957789,
      "mean_factual_mi": 0.0011339343123068658,
      "source_bit": 7,
      "target_bit": 13
    },
    {
      "mean_bvn_mi": 0.00015576142012796286,
      "mean_excess_z": 3.7497130242173267,
      "mean_factual_mi": 0.001044697041958427,
      "source_bit": 22,
      "target_bit": 16
    },
    {
      "mean_bvn_mi": 0.0001194261205445038,
      "mean_excess_z": 3.7352523417118926,
      "mean_factual_mi": 0.0006199183367292465,
      "source_bit": 9,
      "target_bit": 16
    },
    {
      "mean_bvn_mi": 0.0001820776151953725,
      "mean_excess_z": 3.5386735661265525,
      "mean_factual_mi": 0.0008029775226557418,
      "source_bit": 0,
      "target_bit": 30
    },
    {
      "mean_bvn_mi": 0.00014847849317723178,
      "mean_excess_z": 3.3366379167010933,
      "mean_factual_mi": 0.0008024447835202512,
      "source_bit": 4,
      "target_bit": 8
    },
    {
      "mean_bvn_mi": 0.00012137671808333909,
      "mean_excess_z": 3.214144820908641,
      "mean_factual_mi": 0.000553702018329199,
      "source_bit": 15,
      "target_bit": 0
    },
    {
      "mean_bvn_mi": 0.0001617348067885014,
      "mean_excess_z": 3.0849257386184914,
      "mean_factual_mi": 0.0007488217350162214,
      "source_bit": 19,
      "target_bit": 20
    },
    {
      "mean_bvn_mi": 0.00012619505738082533,
      "mean_excess_z": 3.0831672366934093,
      "mean_factual_mi": 0.0006205478239155107,
      "source_bit": 8,
      "target_bit": 0
    },
    {
      "mean_bvn_mi": 0.00012662266274306966,
      "mean_excess_z": 2.9552913789732567,
      "mean_factual_mi": 0.0006081981630113765,
      "source_bit": 25,
      "target_bit": 8
    },
    {
      "mean_bvn_mi": 0.00013021324787101476,
      "mean_excess_z": 2.8567157352578767,
      "mean_factual_mi": 0.0005593740365703971,
      "source_bit": 21,
      "target_bit": 5
    },
    {
      "mean_bvn_mi": 0.00014498341867892975,
      "mean_excess_z": 2.757419383257637,
      "mean_factual_mi": 0.0005692207255244703,
      "source_bit": 27,
      "target_bit": 6
    },
    {
      "mean_bvn_mi": 0.00011663112020616042,
      "mean_excess_z": 2.625424030928492,
      "mean_factual_mi": 0.0005249094049411855,
      "source_bit": 1,
      "target_bit": 15
    },
    {
      "mean_bvn_mi": 0.00014473594238417886,
      "mean_excess_z": 2.616634510156677,
      "mean_factual_mi": 0.0005496676141653401,
      "source_bit": 24,
      "target_bit": 14
    },
    {
      "mean_bvn_mi": 0.00011260070999423726,
      "mean_excess_z": 2.4429182370699802,
      "mean_factual_mi": 0.00041136534336492825,
      "source_bit": 7,
      "target_bit": 29
    },
    {
      "mean_bvn_mi": 0.00015342187219018278,
      "mean_excess_z": 2.264577463931594,
      "mean_factual_mi": 0.0005389873752723434,
      "source_bit": 8,
      "target_bit": 12
    },
    {
      "mean_bvn_mi": 0.00010586920707402875,
      "mean_excess_z": 2.1696032654067654,
      "mean_factual_mi": 0.00039703211700240084,
      "source_bit": 2,
      "target_bit": 4
    }
  ],
  "evidence_stage": "NEW_BOUNDARY_IDENTIFIED",
  "kat": {
    "ciphertext": "9c9b54973df685f8",
    "first_eight_round_subkeys": "751971f984e9488688e5523b4ea47ade",
    "initial_state": "196a9ab1f97f1b21",
    "key": "0123456789abcdef0123456789abcdef",
    "ntt_reference_sha256": "8bc1d200610a029c7f1869da7b63a8f3780f1bbb5acacb037611cba4f999190f",
    "ntt_reference_url": "https://info.isl.ntt.co.jp/crypt/eng/archive/dl/feal/call-6.txt",
    "ntt_vector_sha256": "d2560183dcd4d79ca83389427009a6f2dc85648241b7f6b2d15dc0163d367949",
    "ntt_vector_url": "https://info.isl.ntt.co.jp/crypt/eng/archive/dl/feal/call-5.zip",
    "official_vector_match": true,
    "plaintext": "0000000000000000",
    "r32_state": "932ddf1603e932d4"
  },
  "parameters": {
    "boundary": "R30_to_R32_fullround_endpoint",
    "bvn_routes": 16,
    "confirmation_keys": 5,
    "confirmation_pairs": 7000,
    "discovery_keys": 3,
    "discovery_pairs": 3000,
    "official_ntt_kat": "9c9b54973df685f8",
    "prediction_before_measurement": "FEAL-32X leaks at the full-round R30-to-R32 endpoint through the exact distance-2 Feistel identity and its XOR/add/ROL2 byte function",
    "reader_model_required_for_confirmation": true,
    "rounds": 32,
    "top_k": 16
  },
  "reader_fixed_cells": [
    {
      "source_bit": 7,
      "target_bit": 13
    },
    {
      "source_bit": 22,
      "target_bit": 16
    },
    {
      "source_bit": 27,
      "target_bit": 6
    },
    {
      "source_bit": 1,
      "target_bit": 15
    },
    {
      "source_bit": 24,