{
  "ascon128": {
    "cipher": "ascon128",
    "label": "ASCON-128",
    "full_rounds": 12,
    "results": [
      {
        "round": 10,
        "rounds_from_full": 2,
        "casi_mean": 1.1272058823529412,
        "casi_std": 0.2834232166269789,
        "ampli_mean": 1.1595252642882607,
        "ampli_std": 0.2648119111071443,
        "max_casi": 1.1595252642882607,
        "detected": false,
        "casi_values": [
          0.9485294117647058,
          0.9852941176470589,
          1.6875,
          0.9485294117647058,
          1.0661764705882353
        ]
      },
      {
        "round": 11,
        "rounds_from_full": 1,
        "casi_mean": 0.9970588235294118,
        "casi_std": 0.14972581630835796,
        "ampli_mean": 1.0696351964060151,
        "ampli_std": 0.09692363044756766,
        "max_casi": 1.0696351964060151,
        "detected": false,
        "casi_values": [
          0.8970588235294118,
          0.875,
          0.875,
          1.088235294117647,
          1.25
        ]
      },
      {
        "round": 12,
        "rounds_from_full": 0,
        "casi_mean": 1.1911764705882353,
        "casi_std": 0.2918663840855427,
        "ampli_mean": 1.2161521293574442,
        "ampli_std": 0.26948518920630626,
        "max_casi": 1.2161521293574442,
        "detected": false,
        "casi_values": [
          1.1029411764705883,
          1.088235294117647,
          0.8897058823529411,
          1.125,
          1.75
        ]
      }
    ]
  },
  "present80": {
    "cipher": "present80",
    "label": "PRESENT-80",
    "full_rounds": 31,
    "results": [
      {
        "round": 29,
        "rounds_from_full": 2,
        "casi_mean": 0.9125,
        "casi_std": 0.015140632560274985,
        "ampli_mean": 1.0054570214459333,
        "ampli_std": 0.011015451549651098,
        "max_casi": 1.0054570214459333,
        "detected": false,
        "casi_values": [
          0.8970588235294118,
          0.9191176470588235,
          0.8970588235294118,
          0.9375,
          0.9117647058823529
        ]
      },
      {
        "round": 30,
        "rounds_from_full": 1,
        "casi_mean": 1.1455882352941176,
        "casi_std": 0.27537329178224534,
        "ampli_mean": 1.1854546321379869,
        "ampli_std": 0.23764389162550317,
        "max_casi": 1.1854546321379869,
        "detected": false,
        "casi_values": [
          1.25,
          1.0,
          1.625,
          1.0294117647058822,
          0.8235294117647058
        ]
      },
      {
        "round": 31,
        "rounds_from_full": 0,
        "casi_mean": 1.0522058823529412,
        "casi_std": 0.1325651892910228,
        "ampli_mean": 1.0767834282794027,
        "ampli_std": 0.11850670060752443,
        "max_casi": 1.0767834282794027,
        "detected": false,
        "casi_values": [
          0.9558823529411765,
          1.0220588235294117,
          1.3125,
          1.0073529411764706,
          0.9632352941176471
        ]
      }
    ]
  }
}