{
  "metadata": {
    "experiment": "speck_variants_full_round",
    "description": "Full-round F8 leak and encrypt-only asymmetry, all 4 Speck variants.",
    "N": 20000,
    "seeds": 3,
    "n_perm": 20,
    "timestamp": "2026-07-11T02:38:49",
    "elapsed_seconds": 17.5
  },
  "variants": {
    "Speck 32/64": {
      "word_size": 16,
      "key_words": 4,
      "alpha": 7,
      "beta": 2,
      "full_rounds": 22,
      "rounds": {
        "5": {
          "encrypt": {
            "mean_Z": 3670.97,
            "mean_MI": 0.63632276,
            "all_Z": [
              3687.63,
              3129.21,
              4196.06
            ],
            "all_MI": [
              0.63233165,
              0.65060907,
              0.62602755
            ]
          },
          "decrypt": {
            "mean_Z": -0.02,
            "mean_MI": 0.00046698,
            "all_Z": [
              0.37,
              0.56,
              -1.01
            ],
            "all_MI": [
              0.00057038,
              0.00053356,
              0.000297
            ]
          },
          "ratio": 150558.9
        },
        "10": {
          "encrypt": {
            "mean_Z": 4038.72,
            "mean_MI": 0.64198741,
            "all_Z": [
              4020.0,
              3369.64,
              4726.53
            ],
            "all_MI": [
              0.6386346,
              0.64060796,
              0.64671968
            ]
          },
          "decrypt": {
            "mean_Z": -0.46,
            "mean_MI": 0.0004175,
            "all_Z": [
              -0.88,
              0.27,
              -0.76
            ],
            "all_MI": [
              0.00030728,
              0.00057165,
              0.00037358
            ]
          },
          "ratio": 8840.8
        },
        "15": {
          "encrypt": {
            "mean_Z": 3953.77,
            "mean_MI": 0.63908221,
            "all_Z": [
              4148.15,
              4561.75,
              3151.42
            ],
            "all_MI": [
              0.64504322,
              0.62784824,
              0.64435516
            ]
          },
          "decrypt": {
            "mean_Z": -0.24,
            "mean_MI": 0.00044075,
            "all_Z": [
              -0.79,
              -0.4,
              0.46
            ],
            "all_MI": [
              0.00035065,
              0.00040825,
              0.00056335
            ]
          },
          "ratio": 16211.2
        },
        "22": {
          "encrypt": {
            "mean_Z": 3816.0,
            "mean_MI": 0.64504564,
            "all_Z": [
              3284.59,
              4711.68,
              3451.72
            ],
            "all_MI": [
              0.64300205,
              0.64250767,
              0.64962721
            ]
          },
          "decrypt": {
            "mean_Z": -0.36,
            "mean_MI": 0.00045923,
            "all_Z": [
              0.73,
              -0.5,
              -1.3
            ],
            "all_MI": [
              0.00068461,
              0.00038522,
              0.00030787
            ]
          },
          "ratio": 10725.2
        }
      }
    },
    "Speck 48/96": {
      "word_size": 24,
      "key_words": 4,
      "alpha": 8,
      "beta": 3,
      "full_rounds": 23,
      "rounds": {
        "5": {
          "encrypt": {
            "mean_Z": 1078.58,
            "mean_MI": 0.23512825,
            "all_Z": [
              1351.66,
              778.62,
              1105.45
            ],
            "all_MI": [
              0.23275681,
              0.23380756,
              0.23882038
            ]
          },
          "decrypt": {
            "mean_Z": 0.03,
            "mean_MI": 0.0008392,
            "all_Z": [
              -0.66,
              -0.54,
              1.3
            ],
            "all_MI": [
              0.00062759,
              0.00071564,
              0.00117437
            ]
          },
          "ratio": 31439.3
        },
        "10": {
          "encrypt": {
            "mean_Z": 1263.18,
            "mean_MI": 0.23589004,
            "all_Z": [
              1211.16,
              1344.66,
              1233.71
            ],
            "all_MI": [
              0.23676859,
              0.23855257,
              0.23234896
            ]
          },
          "decrypt": {
            "mean_Z": 0.22,
            "mean_MI": 0.00078989,
            "all_Z": [
              -1.14,
              1.48,
              0.31
            ],
            "all_MI": [
              0.00060629,
              0.00100102,
              0.00076236
            ]
          },
          "ratio": 5763.7
        },
        "15": {
          "encrypt": {
            "mean_Z": 993.22,
            "mean_MI": 0.23713057,
            "all_Z": [
              982.83,
              1204.38,
              792.45
            ],
            "all_MI": [
              0.23857048,
              0.23962176,
              0.23319946
            ]
          },
          "decrypt": {
            "mean_Z": 0.56,
            "mean_MI": 0.00085288,
            "all_Z": [
              1.02,
              0.23,
              0.44
            ],
            "all_MI": [
              0.00091537,
              0.00081653,
              0.00082674
            ]
          },
          "ratio": 1766.6
        },
        "23": {
          "encrypt": {
            "mean_Z": 918.07,
            "mean_MI": 0.23583529,
            "all_Z": [
              1009.25,
              859.18,
              885.77
            ],
            "all_MI": [
              0.23603842,
              0.24396809,
              0.22749934
            ]
          },
          "decrypt": {
            "mean_Z": -0.26,
            "mean_MI": 0.00070234,
            "all_Z": [
              -0.95,
              -0.47,
              0.63
            ],
            "all_MI": [
              0.00052834,
              0.00066265,
              0.00091604
            ]
          },
          "ratio": 3490.6
        }
      }
    },
    "Speck 64/128": {
      "word_size": 32,
      "key_words": 4,
      "alpha": 8,
      "beta": 3,
      "full_rounds": 27,
      "rounds": {
        "5": {
          "encrypt": {
            "mean_Z": 1376.12,
            "mean_MI": 0.32882202,
            "all_Z": [
              1095.71,
              1177.27,
              1855.4
            ],
            "all_MI": [
              0.32096533,
              0.32948388,
              0.33601684
            ]
          },
          "decrypt": {
            "mean_Z": -0.49,
            "mean_MI": 0.00091843,
            "all_Z": [
              -0.68,
              0.87,
              -1.65
            ],
            "all_MI": [
              0.0008729,
              0.00118676,
              0.00069563
            ]
          },
          "ratio": 2827.3
        },
        "10": {
          "encrypt": {
            "mean_Z": 1509.03,
            "mean_MI": 0.33627883,
            "all_Z": [
              1603.03,
              1322.25,
              1601.82
            ],
            "all_MI": [
              0.33443208,
              0.34003952,
              0.3343649
            ]
          },
          "decrypt": {
            "mean_Z": -0.48,
            "mean_MI": 0.00089797,
            "all_Z": [
              1.18,
              -1.79,
              -0.84
            ],
            "all_MI": [
              0.00125715,
              0.0006735,
              0.00076325
            ]
          },
          "ratio": 3141.6
        },
        "15": {
          "encrypt": {
            "mean_Z": 1231.95,
            "mean_MI": 0.32849089,
            "all_Z": [
              958.08,
              1407.45,
              1330.3
            ],
            "all_MI": [
              0.31736668,
              0.32967279,
              0.33843319
            ]
          },